no extention "htm": ,English CC File name;
no extention "htm": ,Spanish CC File Name;
not found files: ,IVE URL.swf, English CC File name.swf;
not found files: ,t_03_03_06.swf, st_03_03_06.swf;
no extention "htm": ,;
no extention "htm": ,;
not found files: ,e_02_03_08.swf, .swf;
no extention "htm": ,st_03_07_01_es;
not found files: ,e_02_07_01.swf, "et_03_03_01.swf;
no extention "htm": ,???;
no extention "htm": ,;
not found files: ,e_03_04_03.swf, ???.swf;
no extention "htm": ,???;
no extention "htm": ,;
not found files: ,e_03_04_11.swf, ???.swf;
no extention "htm": ,no provided;
no extention "htm": ,no provided;
not found files: ,t_07_01_07.swf, st_07_01_07.swf;
not found files: ,t_07_02_02.swf, st_07_02_02.swf;
not found files: ,t_07_02_05.swf, st_07_02_05.swf;
not found files: ,t_07_02_08.swf, st_07_02_08.swf;
not found files: ,t_07_03_05.swf, st_07_03_05.swf;
not found files: ,t_07_03_09.swf, st_07_03_09.swf;
not found files: ,t_07_04_02.swf, st_07_04_02.swf;
not found files: ,t_07_04_09.swf, st_07_04_09.swf;
no extention "htm": ,??;
no extention "htm": ,;
not found files: ,e_06_04_10.swf, ??.swf;
no extention "htm": ,??;
no extention "htm": ,;
not found files: ,e_06_04_11.swf, ??.swf;
not found files: ,t_07_04_16.swf, st_07_04_16.swf;
no extention "htm": ,et_05_06_01_en;
no extention "htm": ,et_05_06_01_es;
no extention "htm": ,st_07_02a_05_en;
no extention "htm": ,st_07_02a_05_es;
not found files: ,e_06_02star_05.swf, st_07_02a_05.swf;
no extention "htm": ,st_07_04_02_es;
not found files: ,t_07_04_02.swf, st_07_04_02.swf;
not found files: ,t_07_04_09.swf, st_07_04_09.swf;
no extention "htm": ,;
no extention "htm": ,;
not found files: ,e_06_02star_12.swf, .swf;
no extention "htm": ,??;
no extention "htm": ,;
not found files: ,e_06_02star_13.swf, ??.swf;
no extention "htm": ,st_07_02a_14_en;
no extention "htm": ,st_07_02a_14_es;
not found files: ,t_07_02a_14.swf, st_07_02a_14.swf;
no extention "htm": ,st_07_03_05_es;
not found files: ,t_07_03_05.swf, st_07_03_05.swf;
no extention "htm": ,st_07_02_02_es;
not found files: ,t_07_02_02.swf, st_07_02_02.swf;
not found files: ,t_07_02_05.swf, st_07_02_05.swf;
not found files: ,t_07_02_08.swf, st_07_02_08.swf;
not found files: ,t_07_04a_03.swf, st_07_04a_03.swf;
not found files: ,t_07_04_16.swf, st_07_04_16.swf;
not found files: ,t_07_04a_06.swf, st_07_04a_06.swf;
not found files: ,t_07_05_03.swf, st_07_05_03.swf;
no extention "htm": ,no provided;
no extention "htm": ,no provided;
no extention "htm": ,no provided;
no extention "htm": ,no provided;
no extention "htm": ,no provided;
no extention "htm": ,no provided;
no extention "htm": ,English CC File name;
no extention "htm": ,Spanish CC File Name;
not found files: ,IVE URL.swf, English CC File name.swf;
no extention "htm": ,???;
no extention "htm": ,???;
not found files: ,et_02_06_07.swf, ???.swf;
no extention "htm": ,st_03_07_01_es;
not found files: ,et_03_07_01.swf, "et_03_03_01.swf;
no extention "htm": ,?;
no extention "htm": ,?;
not found files: ,et_04_04_02.swf, ?.swf;
no extention "htm": ,?;
no extention "htm": ,?;
not found files: ,et_04_04_05.swf, ?.swf;
no extention "htm": ,?;
no extention "htm": ,?;
not found files: ,et_04_04_09.swf, ?.swf;
no extention "htm": ,?;
no extention "htm": ,?;
not found files: ,et_05_05_10.swf, ?.swf;
no extention "htm": ,?;
no extention "htm": ,?;
not found files: ,et_16_06_11.swf, ?.swf;
no extention "htm": ,English CC File name;
no extention "htm": ,Spanish CC File Name;
not found files: ,IVE URL.swf, English CC File name.swf;
no extention "htm": ,;
no extention "htm": ,;
not found files: ,e_02_03_08.swf, .swf;
no extention "htm": ,st_03_07_01_es;
not found files: ,e_02_07_01.swf, "et_03_03_01.swf;
no extention "htm": ,???;
no extention "htm": ,;
not found files: ,e_03_04_03.swf, ???.swf;
no extention "htm": ,???;
no extention "htm": ,;
not found files: ,e_03_04_11.swf, ???.swf;
no extention "htm": ,no provided;
no extention "htm": ,no provided;
no extention "htm": ,??;
no extention "htm": ,;
not found files: ,e_06_04_10.swf, ??.swf;
no extention "htm": ,??;
no extention "htm": ,;
not found files: ,e_06_04_11.swf, ??.swf;
no extention "htm": ,et_05_06_01_en;
no extention "htm": ,et_05_06_01_es;
no extention "htm": ,st_07_02a_05_en;
no extention "htm": ,st_07_02a_05_es;
no extention "htm": ,st_07_04_02_es;
no extention "htm": ,;
no extention "htm": ,;
not found files: ,e_06_02star_12.swf, .swf;
no extention "htm": ,??;
no extention "htm": ,;
not found files: ,e_06_02star_13.swf, ??.swf;
no extention "htm": ,st_07_02a_14_en;
no extention "htm": ,st_07_02a_14_es;
no extention "htm": ,st_07_03_05_es;
no extention "htm": ,st_07_02_02_es;
no extention "htm": ,no provided;
no extention "htm": ,no provided;
no extention "htm": ,no provided;
no extention "htm": ,no provided;
no extention "htm": ,no provided;
no extention "htm": ,no provided;
no extention "htm": ,English CC File name;
no extention "htm": ,Spanish CC File Name;
not found files: ,IVE URL.swf, English CC File name.swf;
no extention "htm": ,???;
no extention "htm": ,???;
not found files: ,et_02_06_07.swf, ???.swf;
not found files: ,et_03_01_03.swf, et_03_01_03.swf;
not found files: ,et_03_01_08.swf, et_03_01_07.swf;
not found files: ,et_03_02_05.swf, et_03_02_06.swf;
no extention "htm": ,st_03_07_01_es;
not found files: ,et_03_07_01.swf, "et_03_03_01.swf;
not found files: ,et_04_03_05.swf, et_04_03_05.swf;
no extention "htm": ,?;
no extention "htm": ,?;
not found files: ,et_04_04_02.swf, ?.swf;
no extention "htm": ,?;
no extention "htm": ,?;
not found files: ,et_04_04_05.swf, ?.swf;
no extention "htm": ,?;
no extention "htm": ,?;
not found files: ,et_04_04_09.swf, ?.swf;
not found files: ,et_04_05_03.swf, et_04_05_03.swf;
not found files: ,et_05_04_04.swf, et_05_04_04.swf;
no extention "htm": ,?;
no extention "htm": ,?;
not found files: ,et_05_05_10.swf, ?.swf;
no extention "htm": ,?;
no extention "htm": ,?;
not found files: ,et_16_06_11.swf, ?.swf;
no extention "htm": ,English CC File name;
no extention "htm": ,Spanish CC File Name;
not found files: ,IVE URL.swf, English CC File name.swf;
no extention "htm": ,???;
no extention "htm": ,???;
not found files: ,et_02_06_07.swf, ???.swf;
not found files: ,et_03_01_03.swf, et_03_01_03.swf;
not found files: ,et_03_01_08.swf, et_03_01_07.swf;
not found files: ,et_03_02_05.swf, et_03_02_06.swf;
no extention "htm": ,st_03_07_01_es;
not found files: ,et_03_07_01.swf, "et_03_03_01.swf;
not found files: ,et_04_03_05.swf, et_04_03_05.swf;
no extention "htm": ,?;
no extention "htm": ,?;
not found files: ,et_04_04_02.swf, ?.swf;
no extention "htm": ,?;
no extention "htm": ,?;
not found files: ,et_04_04_05.swf, ?.swf;
no extention "htm": ,?;
no extention "htm": ,?;
not found files: ,et_04_04_09.swf, ?.swf;
not found files: ,et_04_05_03.swf, et_04_05_03.swf;
not found files: ,et_05_04_04.swf, et_05_04_04.swf;
no extention "htm": ,?;
no extention "htm": ,?;
not found files: ,et_05_05_10.swf, ?.swf;
no extention "htm": ,?;
no extention "htm": ,?;
not found files: ,et_16_06_11.swf, ?.swf;
no extention "htm": ,English CC File name;
no extention "htm": ,Spanish CC File Name;
not found files: ,IVE URL.swf, English CC File name.swf;
no extention "htm": ,???;
no extention "htm": ,???;
not found files: ,et_02_06_07.swf, ???.swf;
not found files: ,et_03_01_03.swf, et_03_01_03.swf;
not found files: ,et_03_01_08.swf, et_03_01_07.swf;
not found files: ,et_03_02_05.swf, et_03_02_06.swf;
no extention "htm": ,st_03_07_01_es;
not found files: ,et_03_07_01.swf, "et_03_03_01.swf;
not found files: ,et_04_03_05.swf, et_04_03_05.swf;
no extention "htm": ,?;
no extention "htm": ,?;
not found files: ,et_04_04_02.swf, ?.swf;
no extention "htm": ,?;
no extention "htm": ,?;
not found files: ,et_04_04_05.swf, ?.swf;
no extention "htm": ,?;
no extention "htm": ,?;
not found files: ,et_04_04_09.swf, ?.swf;
not found files: ,et_04_05_03.swf, et_04_05_03.swf;
not found files: ,et_05_04_04.swf, et_05_04_04.swf;
no extention "htm": ,?;
no extention "htm": ,?;
not found files: ,et_05_05_10.swf, ?.swf;
no extention "htm": ,?;
no extention "htm": ,?;
not found files: ,et_16_06_11.swf, ?.swf;
no extention "htm": ,English CC File name;
no extention "htm": ,Spanish CC File Name;
not found files: ,IVE URL.swf, English CC File name.swf;
no extention "htm": ,English CC File name;
no extention "htm": ,Spanish CC File Name;
not found files: ,IVE URL.swf, English CC File name.swf;
no extention "htm": ,English CC File name;
no extention "htm": ,Spanish CC File Name;
not found files: ,IVE URL.swf, English CC File name.swf;
no extention "htm": ,???;
no extention "htm": ,???;
not found files: ,et_02_06_07.swf, ???.swf;
not found files: ,et_03_01_03.swf, et_03_01_03.swf;
not found files: ,et_03_01_08.swf, et_03_01_07.swf;
not found files: ,et_03_02_05.swf, et_03_02_06.swf;
no extention "htm": ,English CC File name;
no extention "htm": ,Spanish CC File Name;
not found files: ,IVE URL.swf, English CC File name.swf;
no extention "htm": ,English CC File name;
no extention "htm": ,Spanish CC File Name;
not found files: ,IVE URL.swf, English CC File name.swf;
no extention "htm": ,???;
no extention "htm": ,???;
not found files: ,et_02_06_07.swf, ???.swf;
not found files: ,et_03_01_03.swf, et_03_01_03.swf;
not found files: ,et_03_01_08.swf, et_03_01_07.swf;
not found files: ,et_03_02_05.swf, et_03_02_06.swf;
no extention "htm": ,English CC File name;
no extention "htm": ,Spanish CC File Name;
not found files: ,IVE URL.swf, English CC File name.swf;
no extention "htm": ,???;
no extention "htm": ,???;
not found files: ,et_02_06_07.swf, ???.swf;
not found files: ,et_03_01_03.swf, et_03_01_03.swf;
not found files: ,et_03_02_05.swf, et_03_02_06.swf;
no extention "htm": ,English CC File name;
no extention "htm": ,Spanish CC File Name;
not found files: ,IVE URL.swf, English CC File name.swf;
no extention "htm": ,??? ;
no extention "htm": ,???;
not found files: ,et_01_05_02.swf, ??? .swf;
no extention "htm": ,???;
no extention "htm": ,???;
not found files: ,et_01_05_03.swf, ???.swf;
no extention "htm": ,???;
no extention "htm": ,???;
not found files: ,et_02_06_07.swf, ???.swf;
not found files: ,et_03_01_03.swf, et_03_01_03.swf;
not found files: ,et_03_01_08.swf, et_03_01_07.swf;
no extention "htm": ,st_03_03_07_en;
no extention "htm": ,st_03_03_07_es;
not found files: ,et_03_02_05.swf, et_03_02_06.swf;
no extention "htm": ,English CC File name;
no extention "htm": ,Spanish CC File Name;
not found files: ,IVE URL.swf, English CC File name.swf;
no extention "htm": ,English CC File name;
no extention "htm": ,Spanish CC File Name;
not found files: ,IVE URL.swf, English CC File name.swf;
no extention "htm": ,English CC File name;
no extention "htm": ,Spanish CC File Name;
not found files: ,IVE URL.swf, English CC File name.swf;
no extention "htm": ,??? ;
no extention "htm": ,???;
not found files: ,et_01_05_02.swf, ??? .swf;
no extention "htm": ,???;
no extention "htm": ,???;
not found files: ,et_01_05_03.swf, ???.swf;
no extention "htm": ,???;
no extention "htm": ,???;
not found files: ,et_02_06_07.swf, ???.swf;
not found files: ,et_03_01_03.swf, et_03_01_03.swf;
not found files: ,et_03_01_08.swf, et_03_01_07.swf;
no extention "htm": ,st_03_03_07_en;
no extention "htm": ,st_03_03_07_es;
not found files: ,et_03_02_05.swf, et_03_02_06.swf;
no extention "htm": ,English CC File name;
no extention "htm": ,Spanish CC File Name;
not found files: ,IVE URL.swf, English CC File name.swf;
no extention "htm": ,??? ;
no extention "htm": ,???;
not found files: ,et_01_05_02.swf, ??? .swf;
no extention "htm": ,???;
no extention "htm": ,???;
not found files: ,et_01_05_03.swf, ???.swf;
no extention "htm": ,???;
no extention "htm": ,???;
not found files: ,et_02_06_07.swf, ???.swf;
not found files: ,et_03_01_03.swf, et_03_01_03.swf;
not found files: ,et_03_01_08.swf, et_03_01_07.swf;
no extention "htm": ,st_03_03_07_en;
no extention "htm": ,st_03_03_07_es;
not found files: ,et_03_02_05.swf, et_03_02_06.swf;
no extention "htm": ,st_03_03_07_en;
no extention "htm": ,st_03_03_07_es;
no extention "htm": ,st_03_03_07_en;
no extention "htm": ,st_03_03_07_es;
no extention "htm": ,English CC File name;
no extention "htm": ,Spanish CC File Name;
not found files: ,IVE URL.swf, English CC File name.swf;
no extention "htm": ,??? ;
no extention "htm": ,???;
not found files: ,et_01_05_02.swf, ??? .swf;
no extention "htm": ,???;
no extention "htm": ,???;
not found files: ,et_01_05_03.swf, ???.swf;
no extention "htm": ,st_03_03_07_en;
no extention "htm": ,st_03_03_07_es;
no extention "htm": ,English CC File name;
no extention "htm": ,Spanish CC File Name;
not found files: ,IVE URL.swf, English CC File name.swf;
no extention "htm": ,??? ;
no extention "htm": ,???;
not found files: ,et_01_05_02.swf, ??? .swf;
no extention "htm": ,???;
no extention "htm": ,???;
not found files: ,et_01_05_03.swf, ???.swf;
no extention "htm": ,English CC File name;
no extention "htm": ,Spanish CC File Name;
not found files: ,IVE URL.swf, English CC File name.swf;
no extention "htm": ,??? ;
no extention "htm": ,???;
not found files: ,et_01_05_02.swf, ??? .swf;
no extention "htm": ,???;
no extention "htm": ,???;
not found files: ,et_01_05_03.swf, ???.swf;
no extention "htm": ,???;
no extention "htm": ,???;
not found files: ,et_02_06_07.swf, ???.swf;
not found files: ,et_03_01_03.swf, et_03_01_03.swf;
not found files: ,et_03_01_08.swf, et_03_01_07.swf;
no extention "htm": ,st_03_03_07_en;
no extention "htm": ,st_03_03_07_es;
not found files: ,et_03_02_05.swf, et_03_02_06.swf;
no extention "htm": ,English CC File name;
no extention "htm": ,Spanish CC File Name;
not found files: ,IVE URL.swf, English CC File name.swf;
no extention "htm": ,??? ;
no extention "htm": ,???;
not found files: ,et_01_05_02.swf, ??? .swf;
no extention "htm": ,???;
no extention "htm": ,???;
not found files: ,et_01_05_03.swf, ???.swf;
no extention "htm": ,???;
no extention "htm": ,???;
not found files: ,et_02_06_07.swf, ???.swf;
not found files: ,et_03_01_03.swf, et_03_01_03.swf;
not found files: ,et_03_01_08.swf, et_03_01_07.swf;
no extention "htm": ,st_03_03_07_en;
no extention "htm": ,st_03_03_07_es;
not found files: ,et_03_02_05.swf, et_03_02_06.swf;
no extention "htm": ,English CC File name;
no extention "htm": ,Spanish CC File Name;
not found files: ,IVE URL.swf, English CC File name.swf;
not found files: ,et_01_01_05.swf, 6et_01_01_05.swf;
not found files: ,et_01_01_07.swf, et_01_01_07.swf;
not found files: ,et_01_01_11.swf, et_01_01_11.swf;
not found files: ,et_01_02_01.swf, et_01_02_01.swf;
not found files: ,et_01_02_02.swf, et_01_02_02.swf;
not found files: ,et_01_02_03.swf, et_01_02_03.swf;
not found files: ,et_01_03_01.swf, et_01_03_01.swf;
not found files: ,et_01_03_05.swf, et_01_03_05.swf;
not found files: ,et_01_03_07.swf, et_01_03_08.swf;
not found files: ,et_01_04_04.swf, et_01_04_04.swf;
not found files: ,et_01_04_05.swf, et_01_04_05.swf;
not found files: ,et_01_04_08.swf, et_01_04_08.swf;
no extention "htm": ,??? ;
no extention "htm": ,???;
not found files: ,et_01_05_02.swf, ??? .swf;
no extention "htm": ,???;
no extention "htm": ,???;
not found files: ,et_01_05_03.swf, ???.swf;
not found files: ,et_01_06_01.swf, et_01_06_01_02.swf;
not found files: ,et_01_06_02.swf, et_01_06_01_02.swf;
not found files: ,et_01_06_03.swf, st_07_01_03.swf;
not found files: ,et_01_06_04.swf, et_01_06_04.swf;
not found files: ,et_01_06_09.swf, et_01_06_09.swf;
not found files: ,et_02_01_01.swf, et_02_01_01.swf;
not found files: ,et_02_01_02.swf, et_02_01_02.swf;
not found files: ,et_02_01_03.swf, et_02_01_03.swf;
not found files: ,et_02_02_03.swf, et_02_02_03_04.swf;
not found files: ,et_02_02_04.swf, et_02_02_03_04.swf;
not found files: ,et_02_02_06.swf, et_02_02_06.swf;
not found files: ,et_02_02_07.swf, et_02_02_07.swf;
not found files: ,et_02_03_05.swf, et_02_03_05.swf;
not found files: ,et_02_03_08.swf, et_02_03_08.swf;
not found files: ,et_02_03_11.swf, et_02_03_11.swf;
not found files: ,et_02_04_02.swf, et_02_04_02.swf;
not found files: ,et_02_04_03.swf, et_02_04_03.swf;
not found files: ,et_02_04_05.swf, et_02_04_05.swf;
not found files: ,et_02_05_02.swf, et_02_05_02.swf;
not found files: ,et_02_05_09.swf, et_02_05_08.swf;
not found files: ,et_02_05_10.swf, et_02_05_09.swf;
not found files: ,et_02_06_03.swf, et_02_06_03.swf;
no extention "htm": ,???;
no extention "htm": ,???;
not found files: ,et_02_06_07.swf, ???.swf;
not found files: ,et_02_06_12.swf, et_02_06_11.swf;
not found files: ,et_02_07_01.swf, et_02_07_01.swf;
not found files: ,et_02_07_03.swf, et_02_07_04.swf;
not found files: ,et_02_07_04.swf, et_02_08_01and02.swf;
not found files: ,et_02_07_05.swf, et_02_08_01and02.swf;
not found files: ,et_02_07_06.swf, et_02_08_05.swf;
not found files: ,et_02_07_07.swf, et_02_08_06.swf;
not found files: ,et_02_08_01.swf, et_02_09_01.swf;
not found files: ,et_02_08_02.swf, et_02_09_03.swf;
not found files: ,et_02_08_05.swf, et_02_09_06.swf;
not found files: ,et_03_01_03.swf, et_03_01_03.swf;
not found files: ,et_03_01_06.swf, et_03_01_06.swf;
not found files: ,et_03_01_08.swf, et_03_01_07.swf;
no extention "htm": ,st_03_03_07_en;
no extention "htm": ,st_03_03_07_es;
not found files: ,et_03_02_04.swf, st_03_03_07.swf;
not found files: ,et_03_02_05.swf, et_03_02_06.swf;
not found files: ,et_03_03_01.swf, et_03_04_01.swf;
not found files: ,et_03_03_03.swf, et_03_04_03.swf;
not found files: ,et_03_03_06.swf, et_03_04_05.swf;
not found files: ,et_03_04_02.swf, et_03_05_02.swf;
not found files: ,et_03_04_04.swf, et_03_05_04.swf;
not found files: ,et_03_04_08.swf, et_03_05_08.swf;
no extention "htm": ,st_03_07_01_es;
not found files: ,et_03_05_01.swf, st_03_07_01.swf;
not found files: ,et_03_05_02.swf, et_03_06_02.swf;
not found files: ,et_03_05_05.swf, et_03_06_05.swf;
not found files: ,et_03_06_01.swf, et_03_08_01.swf;
not found files: ,et_03_06_06.swf, et_03_08_06.swf;
not found files: ,et_03_06_08.swf, et_03_08_08.swf;
not found files: ,et_03_07_01.swf, "et_03_03_01.swf;
not found files: ,et_03_07_03.swf, et_03_03_03.swf;
not found files: ,et_03_07_08.swf, et_03_03_08.swf;
not found files: ,et_03_08_01.swf, et_09_04_02.swf;
not found files: ,et_03_08_02.swf, et_09_04_03.swf;
not found files: ,et_03_09_01.swf, et_03_10_01.swf;
not found files: ,et_03_09_04.swf, et_03_10_04.swf;
not found files: ,et_03_09_05.swf, et_03_10_05.swf;
not found files: ,et_03_10_01.swf, et_03_11_02.swf;
not found files: ,et_03_10_04.swf, et_03_11_05.swf;
not found files: ,et_03_11_01.swf, et_03_09_01.swf;
not found files: ,et_03_11_04.swf, et_03_09_04.swf;
not found files: ,et_03_11_05.swf, et_03_09_05.swf;
not found files: ,et_04_01_04.swf, et_04_01_04.swf;
not found files: ,et_04_01_07.swf, et_04_01_07.swf;
not found files: ,et_04_01_08.swf, et_04_01_08.swf;
not found files: ,et_04_02_03.swf, et_04_02_03.swf;
not found files: ,et_04_02_04.swf, et_04_02_04.swf;
not found files: ,et_04_02_05.swf, et_04_02_05.swf;
not found files: ,et_04_03_01.swf, et_04_03_01and02.swf;
not found files: ,et_04_03_02.swf, et_04_03_01and02.swf;
not found files: ,et_04_03_05.swf, et_04_03_05.swf;
not found files: ,et_04_03_06.swf, et_04_03_06.swf;
not found files: ,et_04_04_01.swf, et_04_04_01.swf;
no extention "htm": ,?;
no extention "htm": ,?;
not found files: ,et_04_04_02.swf, ?.swf;
not found files: ,et_04_04_03.swf, et_04_04_03.swf;
no extention "htm": ,?;
no extention "htm": ,?;
not found files: ,et_04_04_05.swf, ?.swf;
not found files: ,et_04_04_06.swf, et_04_04_06.swf;
no extention "htm": ,?;
no extention "htm": ,?;
not found files: ,et_04_04_09.swf, ?.swf;
not found files: ,et_04_05_01.swf, et_04_05_01.swf;
not found files: ,et_04_05_03.swf, et_04_05_03.swf;
not found files: ,et_04_05_06.swf, et_04_05_06.swf;
not found files: ,et_04_06_02.swf, et_04_06_02.swf;
not found files: ,et_04_06_03.swf, et_04_06_03.swf;
not found files: ,et_04_06_05.swf, et_04_06_05.swf;
not found files: ,et_04_07_02.swf, et_04_07_02.swf;
not found files: ,et_04_07_03.swf, et_04_07_03.swf;
not found files: ,et_04_07_05.swf, et_04_07_05.swf;
not found files: ,et_04_07_06.swf, et_04_08_03.swf;
not found files: ,et_04_08_01.swf, et_04_09_01.swf;
not found files: ,et_04_08_02.swf, et_04_09_02.swf;
not found files: ,et_04_08_03.swf, et_04_09_03.swf;
not found files: ,et_04_09_04.swf, et_04_10_04.swf;
not found files: ,et_04_09_05.swf, et_04_10_05.swf;
not found files: ,et_04_09_06.swf, et_04_10_07.swf;
not found files: ,et_05_01_01.swf, et_05_01_01.swf;
not found files: ,et_05_01_02.swf, et_05_01_02.swf;
not found files: ,et_05_01_04.swf, et_05_01_04.swf;
not found files: ,et_05_02_04.swf, et_05_02_04.swf;
not found files: ,et_05_02_05.swf, et_05_02_05.swf;
not found files: ,et_05_02_07.swf, et_05_02_07.swf;
not found files: ,et_05_03_01.swf, et_05_03_01.swf;
not found files: ,et_05_03_02.swf, et_05_03_02.swf;
not found files: ,et_05_03_05.swf, et_05_03_05.swf;
not found files: ,et_05_04_02.swf, et_05_04_02.swf;
not found files: ,et_05_04_04.swf, et_05_04_04.swf;
not found files: ,et_05_04_06.swf, et_05_04_06.swf;
not found files: ,et_05_05_03.swf, et_05_05_03.swf;
not found files: ,et_05_05_06.swf, et_05_05_06.swf;
not found files: ,et_05_05_09.swf, et_05_05_09.swf;
no extention "htm": ,?;
no extention "htm": ,?;
not found files: ,et_05_05_10.swf, ?.swf;
not found files: ,et_06_01_02.swf, et_06_01_02.swf;
not found files: ,et_06_01_05.swf, et_06_01_05.swf;
not found files: ,et_06_01_06.swf, et_06_01_06.swf;
not found files: ,et_06_02_02.swf, et_06_02_02.swf;
not found files: ,et_06_02_03.swf, et_06_02_03.swf;
not found files: ,et_06_02_08.swf, et_06_02_08.swf;
not found files: ,et_06_03_02.swf, et_06_03_02.swf;
not found files: ,et_06_03_03.swf, et_06_03_03.swf;
not found files: ,et_06_03_04.swf, et_06_03_04.swf;
not found files: ,et_06_04_01.swf, et_06_04_01.swf;
not found files: ,et_06_04_03.swf, et_06_04_03.swf;
not found files: ,et_06_04_04.swf, et_06_04_04.swf;
not found files: ,et_06_05_01.swf, et_06_05_01.swf;
not found files: ,et_06_05_02.swf, et_06_05_02.swf;
not found files: ,et_06_05_03.swf, et_06_05_03.swf;
not found files: ,et_07_01_02.swf, et_07_01_02.swf;
not found files: ,et_07_01_03.swf, et_07_01_03.swf;
not found files: ,et_07_01_04.swf, et_07_01_04.swf;
not found files: ,et_07_02_02.swf, et_07_02_02.swf;
not found files: ,et_07_02_03.swf, et_07_02_03.swf;
not found files: ,et_07_02_05.swf, et_07_02_05.swf;
not found files: ,et_07_03_01.swf, et_07_03_01.swf;
not found files: ,et_07_03_02.swf, et_07_03_02.swf;
not found files: ,et_07_03_03.swf, et_07_03_03.swf;
not found files: ,et_07_04_01.swf, et_07_04_01.swf;
not found files: ,et_07_04_02.swf, et_07_04_02.swf;
not found files: ,et_07_04_05.swf, et_07_04_05.swf;
not found files: ,et_07_05_02.swf, et_07_05_02.swf;
not found files: ,et_07_05_04.swf, et_07_05_04.swf;
not found files: ,et_07_05_05.swf, et_07_05_05.swf;
not found files: ,et_07_06_02.swf, et_07_06_02.swf;
not found files: ,et_07_06_04.swf, et_07_06_04.swf;
not found files: ,et_07_07_02.swf, et_07_07_02.swf;
not found files: ,et_07_07_03.swf, et_07_07_03.swf;
not found files: ,et_07_07_05.swf, et_07_07_05.swf;
not found files: ,et_07_08_01.swf, et_07_08_01.swf;
not found files: ,et_07_08_06.swf, et_07_08_06.swf;
not found files: ,et_07_08_09.swf, et_07_08_09.swf;
not found files: ,et_08_01_02.swf, et_08_01_02.swf;
not found files: ,et_08_01_03.swf, et_08_01_03.swf;
not found files: ,et_08_01_04.swf, et_08_01_04.swf;
not found files: ,et_08_02_01.swf, et_08_02_01.swf;
not found files: ,et_08_02_02.swf, et_08_02_02.swf;
not found files: ,et_08_02_03.swf, et_08_02_03.swf;
not found files: ,et_08_03_01.swf, et_08_03_01.swf;
not found files: ,et_08_03_03.swf, et_08_03_03.swf;
not found files: ,et_08_03_07.swf, et_08_03_07.swf;
not found files: ,et_08_04_01.swf, et_08_04_01.swf;
not found files: ,et_08_04_02.swf, et_08_04_02.swf;
not found files: ,et_08_05_02.swf, et_08_05_02.swf;
not found files: ,et_08_05_04.swf, et_08_05_04.swf;
not found files: ,et_08_05_05.swf, et_08_05_05.swf;
not found files: ,et_09_01_01.swf, et_09_01_01.swf;
not found files: ,et_09_01_02.swf, et_09_01_02.swf;
not found files: ,et_09_02_01.swf, et_09_02_01.swf;
not found files: ,et_09_02_02.swf, et_09_02_02.swf;
not found files: ,et_09_02_04.swf, et_09_02_04.swf;
not found files: ,et_09_03_02.swf, et_09_03_02.swf;
not found files: ,et_09_03_04.swf, et_09_03_04.swf;
not found files: ,et_09_03_05.swf, et_09_03_05.swf;
not found files: ,et_09_04_01.swf, et_09_05_01.swf;
not found files: ,et_09_04_03.swf, et_09_05_04.swf;
not found files: ,et_09_05_01.swf, et_09_06_01.swf;
not found files: ,et_09_05_02.swf, et_09_06_02.swf;
not found files: ,et_09_05_04.swf, et_09_06_04.swf;
not found files: ,et_09_06_01.swf, et_09_07_01.swf;
not found files: ,et_10_01_02.swf, et_10_01_02.swf;
not found files: ,et_10_01_05.swf, et_10_01_04.swf;
not found files: ,et_10_01_08.swf, et_10_01_07.swf;
not found files: ,et_10_02_02.swf, et_10_02_02.swf;
not found files: ,et_10_02_03.swf, et_10_02_03.swf;
not found files: ,et_10_02_05.swf, et_10_02_05.swf;
not found files: ,et_10_03_04.swf, et_10_03_04.swf;
not found files: ,et_10_03_07.swf, et_10_03_07.swf;
not found files: ,et_10_03_11.swf, et_10_03_11.swf;
not found files: ,et_10_04_01.swf, et_10_04_01.swf;
not found files: ,et_10_04_02.swf, et_10_04_02.swf;
not found files: ,et_10_04_04.swf, et_10_04_04.swf;
not found files: ,et_10_05_02.swf, et_10_05_02.swf;
not found files: ,et_10_05_03.swf, et_10_05_03.swf;
not found files: ,et_10_05_07.swf, et_10_05_07.swf;
not found files: ,et_10_06_01.swf, et_10_06_01.swf;
not found files: ,et_10_06_02.swf, et_10_06_02.swf;
not found files: ,et_10_06_04.swf, et_10_06_04.swf;
not found files: ,et_11_01_02.swf, et_11_01_02.swf;
not found files: ,et_11_01_10.swf, et_11_01_08.swf;
not found files: ,et_11_01_11.swf, et_11_01_09.swf;
not found files: ,et_11_02_03.swf, et_11_02_02.swf;
not found files: ,et_11_02_05.swf, et_11_02_04.swf;
not found files: ,et_11_02_08.swf, et_11_02_07.swf;
not found files: ,et_11_03_02.swf, et_11_03_02.swf;
not found files: ,et_11_03_04.swf, et_11_03_04.swf;
not found files: ,et_11_03_05.swf, et_11_03_05.swf;
not found files: ,et_11_04_01.swf, et_11_04_01.swf;
not found files: ,et_11_04_02.swf, et_11_04_02.swf;
not found files: ,et_11_04_05.swf, et_11_04_05.swf;
not found files: ,et_11_05_01.swf, et_11_05_01.swf;
not found files: ,et_11_05_02.swf, et_11_05_02.swf;
not found files: ,et_11_05_04.swf, et_11_05_04.swf;
not found files: ,et_11_06_03.swf, et_11_06_03.swf;
not found files: ,et_11_06_05.swf, et_11_06_05.swf;
not found files: ,et_11_06_06.swf, et_11_06_06.swf;
not found files: ,et_11_07_01.swf, et_11_07_01_02.swf;
not found files: ,et_11_07_03.swf, et_11_07_03_04.swf;
not found files: ,et_11_07_05.swf, et_11_07_05_06.swf;
not found files: ,et_11_08_01.swf, et_11_08_01.swf;
not found files: ,et_11_08_02.swf, et_11_08_02.swf;
not found files: ,et_11_08_05.swf, et_11_08_05.swf;
not found files: ,et_11_09_01.swf, et_11_09_01.swf;
not found files: ,et_11_09_05.swf, et_11_09_05.swf;
not found files: ,et_11_09_07.swf, et_11_09_07.swf;
not found files: ,et_11_10_01.swf, et_11_10_01.swf;
not found files: ,et_11_10_02.swf, et_11_10_02.swf;
not found files: ,et_11_10_09.swf, et_11_11_02.swf;
not found files: ,et_11_10_11.swf, et_11_10_08.swf;
not found files: ,et_11_11_01.swf, et_11_12_01.swf;
not found files: ,et_11_11_02.swf, et_11_12_02.swf;
not found files: ,et_11_11_03.swf, et_11_12_03.swf;
not found files: ,et_12_01_01.swf, et_12_01_01.swf;
not found files: ,et_12_01_03.swf, et_12_01_02.swf;
not found files: ,et_12_01_05.swf, et_12_01_04.swf;
not found files: ,et_12_02_01.swf, et_12_02_01.swf;
not found files: ,et_12_02_03.swf, et_12_02_03.swf;
not found files: ,et_12_02_04.swf, et_12_02_04.swf;
not found files: ,et_12_03_01.swf, et_12_03_01.swf;
not found files: ,et_12_03_03.swf, et_12_03_03.swf;
not found files: ,et_12_03_06.swf, et_12_03_06.swf;
not found files: ,et_12_04_01.swf, et_12_04_01.swf;
not found files: ,et_12_04_02.swf, et_12_04_02.swf;
not found files: ,et_12_04_05.swf, et_12_04_05.swf;
not found files: ,et_12_05_03.swf, et_12_05_03.swf;
not found files: ,et_12_05_04.swf, et_12_05_04.swf;
not found files: ,et_12_05_07.swf, et_12_05_07.swf;
not found files: ,et_12_06_01.swf, et_12_06_01.swf;
not found files: ,et_12_06_05.swf, et_12_06_05.swf;
not found files: ,et_12_06_07.swf, et_12_06_07.swf;
not found files: ,et_13_01_03.swf, et_13_01_03.swf;
not found files: ,et_13_01_04.swf, et_13_01_04.swf;
not found files: ,et_13_01_06.swf, et_13_01_06.swf;
not found files: ,et_13_02_01.swf, et_13_02_01.swf;
not found files: ,et_13_02_03.swf, et_13_02_03.swf;
not found files: ,et_13_02_04.swf, et_13_02_05.swf;
not found files: ,et_13_03_01.swf, et_13_03_01.swf;
not found files: ,et_13_03_03.swf, et_13_03_03.swf;
not found files: ,et_13_03_07.swf, et_13_03_07.swf;
not found files: ,et_13_04_03.swf, et_13_04_03.swf;
not found files: ,et_13_04_05.swf, et_13_04_05.swf;
not found files: ,et_13_04_06.swf, et_13_04_06.swf;
not found files: ,et_14_01_06.swf, et_14_01_06.swf;
not found files: ,et_14_01_08.swf, et_14_01_08.swf;
not found files: ,et_14_01_11.swf, et_14_01_11.swf;
not found files: ,et_14_02_01.swf, et_14_02_01.swf;
not found files: ,et_14_02_03.swf, et_14_02_03.swf;
not found files: ,et_14_02_05.swf, et_14_02_05.swf;
not found files: ,et_14_03_03.swf, et_14_03_03.swf;
not found files: ,et_14_03_04.swf, et_14_03_04.swf;
not found files: ,et_14_03_07.swf, et_14_03_07.swf;
not found files: ,et_14_04_01.swf, et_14_04_01.swf;
not found files: ,et_14_04_02.swf, et_14_04_02.swf;
not found files: ,et_14_04_04.swf, et_14_04_04.swf;
not found files: ,et_14_05_02.swf, et_14_05_02.swf;
not found files: ,et_14_05_04.swf, et_14_05_04.swf;
not found files: ,et_14_05_05.swf, et_14_05_05.swf;
not found files: ,et_14_06_04.swf, et_14_06_04.swf;
not found files: ,et_14_06_05.swf, et_14_06_05.swf;
not found files: ,et_14_06_08.swf, et_14_06_08.swf;
not found files: ,et_14_07_03.swf, et_14_07_03.swf;
not found files: ,et_14_07_05.swf, et_14_07_05.swf;
not found files: ,et_14_07_06.swf, et_14_07_06.swf;
not found files: ,et_14_08_01.swf, et_14_08_01.swf;
not found files: ,et_14_08_02.swf, et_14_08_02.swf;
not found files: ,et_14_08_05.swf, et_14_08_05.swf;
not found files: ,et_15_01_01.swf, et_15_01_01.swf;
not found files: ,et_15_01_02.swf, et_15_01_02.swf;
not found files: ,et_15_01_03.swf, et_15_01_03.swf;
not found files: ,et_15_02_02.swf, et_15_02_02.swf;
not found files: ,et_15_02_03.swf, et_15_02_03.swf;
not found files: ,et_15_02_04.swf, et_15_02_04.swf;
not found files: ,et_15_03_01.swf, et_15_03_01.swf;
not found files: ,et_15_03_03.swf, et_15_03_03.swf;
not found files: ,et_15_03_05.swf, et_15_03_05.swf;
not found files: ,et_15_04_02.swf, et_15_04_02.swf;
not found files: ,et_15_04_03.swf, et_15_04_03.swf;
not found files: ,et_15_04_04.swf, et_15_04_04.swf;
not found files: ,et_15_05_02.swf, et_15_05_02.swf;
not found files: ,et_15_05_03.swf, et_15_05_03.swf;
not found files: ,et_15_05_04_05.swf, et_15_05_04_05.swf;
not found files: ,et_15_05_04_05.swf, et_15_05_04_05.swf;
not found files: ,et_15_07_01.swf, et_15_07_01.swf;
not found files: ,et_15_07_03.swf, et_15_07_03.swf;
not found files: ,et_15_07_06.swf, et_15_07_05.swf;
no extention "htm": ,?;
no extention "htm": ,?;
not found files: ,et_15_07_02.swf, ?.swf;
not found files: ,et_15_08_03.swf, et_15_08_01.swf;
not found files: ,et_15_08_01.swf, et_15_08_01.swf;
no extention "htm": ,?;
no extention "htm": ,?;
not found files: ,et_15_08_02.swf, ?.swf;
not found files: ,et_15_08_03.swf, et_15_08_03.swf;
not found files: ,et_15_08_04.swf, et_15_08_04.swf;
not found files: ,et_15_10_01.swf, et_15_09_01.swf;
not found files: ,et_15_10_02.swf, et_15_09_02.swf;
not found files: ,et_15_10_04.swf, et_15_09_04.swf;
not found files: ,et_16_01_01.swf, et_16_01_01.swf;
not found files: ,et_16_01_02.swf, et_16_01_02.swf;
not found files: ,et_16_01_06.swf, et_16_01_06.swf;
not found files: ,et_16_02_03.swf, et_16_02_03.swf;
not found files: ,et_16_02_04.swf, et_16_02_04.swf;
not found files: ,et_16_02_05.swf, et_16_02_05.swf;
not found files: ,et_16_03_02.swf, et_16_03_02.swf;
not found files: ,et_16_03_03.swf, et_16_03_03.swf;
not found files: ,et_16_03_05.swf, et_16_03_05.swf;
not found files: ,et_16_04_02.swf, et_16_04_02.swf;
not found files: ,et_16_04_04.swf, et_16_04_04.swf;
not found files: ,et_16_04_05.swf, et_16_04_05.swf;
not found files: ,et_16_05_02.swf, et_16_05_02.swf;
not found files: ,et_16_05_03.swf, et_16_05_03.swf;
not found files: ,et_16_05_05.swf, et_16_05_05.swf;
not found files: ,et_16_06_04.swf, et_16_06_04.swf;
not found files: ,et_16_06_06.swf, et_16_06_06.swf;
not found files: ,et_16_06_09.swf, et_16_06_09.swf;
no extention "htm": ,?;
no extention "htm": ,?;
not found files: ,et_16_06_11.swf, ?.swf;
not found files: ,et_16_07_03.swf, et_16_07_03.swf;
not found files: ,et_16_07_05.swf, et_16_07_04.swf;
not found files: ,et_16_07_06.swf, et_16_07_06.swf;
not found files: ,et_16_08_01.swf, et_16_08_01.swf;
not found files: ,et_16_08_02.swf, et_16_08_02.swf;
not found files: ,et_16_09_01.swf, et_16_09_01.swf;
not found files: ,et_16_09_02.swf, et_16_09_02.swf;
not found files: ,et_17_01_03.swf, et_17_01_03.swf;
not found files: ,et_17_01_04.swf, et_17_01_04.swf;
not found files: ,et_17_01_07.swf, et_17_01_07.swf;
not found files: ,et_17_02_01.swf, et_17_02_01.swf;
not found files: ,et_17_02_03.swf, et_17_02_03.swf;
not found files: ,et_17_02_04.swf, et_17_02_04.swf;
not found files: ,et_17_03_01_02.swf, et_17_03_01_02.swf;
not found files: ,et_17_03_01_02.swf, et_17_03_01_02.swf;
not found files: ,et_17_03_03.swf, et_17_03_03.swf;
not found files: ,et_17_04_01.swf, et_17_04_01.swf;
not found files: ,et_17_04_02.swf, et_17_04_02.swf;
no extention "htm": ,English CC File name;
no extention "htm": ,Spanish CC File Name;
not found files: ,IVE URL.swf, English CC File name.swf;
not found files: ,et_01_01_05.swf, 6et_01_01_05.swf;
not found files: ,et_01_01_07.swf, et_01_01_07.swf;
not found files: ,et_01_01_11.swf, et_01_01_11.swf;
not found files: ,et_01_02_01.swf, et_01_02_01.swf;
not found files: ,et_01_02_02.swf, et_01_02_02.swf;
not found files: ,et_01_02_03.swf, et_01_02_03.swf;
not found files: ,et_01_03_01.swf, et_01_03_01.swf;
not found files: ,et_01_03_05.swf, et_01_03_05.swf;
not found files: ,et_01_03_07.swf, et_01_03_08.swf;
not found files: ,et_01_04_04.swf, et_01_04_04.swf;
not found files: ,et_01_04_05.swf, et_01_04_05.swf;
not found files: ,et_01_04_08.swf, et_01_04_08.swf;
no extention "htm": ,??? ;
no extention "htm": ,???;
not found files: ,et_01_05_02.swf, ??? .swf;
no extention "htm": ,???;
no extention "htm": ,???;
not found files: ,et_01_05_03.swf, ???.swf;
not found files: ,et_01_06_01.swf, et_01_06_01_02.swf;
not found files: ,et_01_06_02.swf, et_01_06_01_02.swf;
not found files: ,et_01_06_03.swf, st_07_01_03.swf;
not found files: ,et_01_06_04.swf, et_01_06_04.swf;
not found files: ,et_01_06_09.swf, et_01_06_09.swf;
not found files: ,et_02_01_01.swf, et_02_01_01.swf;
not found files: ,et_02_01_02.swf, et_02_01_02.swf;
not found files: ,et_02_01_03.swf, et_02_01_03.swf;
not found files: ,et_02_02_03.swf, et_02_02_03_04.swf;
not found files: ,et_02_02_04.swf, et_02_02_03_04.swf;
not found files: ,et_02_02_06.swf, et_02_02_06.swf;
not found files: ,et_02_02_07.swf, et_02_02_07.swf;
not found files: ,et_02_03_05.swf, et_02_03_05.swf;
not found files: ,et_02_03_08.swf, et_02_03_08.swf;
not found files: ,et_02_03_11.swf, et_02_03_11.swf;
not found files: ,et_02_04_02.swf, et_02_04_02.swf;
not found files: ,et_02_04_03.swf, et_02_04_03.swf;
not found files: ,et_02_04_05.swf, et_02_04_05.swf;
not found files: ,et_02_05_02.swf, et_02_05_02.swf;
not found files: ,et_02_05_09.swf, et_02_05_08.swf;
not found files: ,et_02_05_10.swf, et_02_05_09.swf;
not found files: ,et_02_06_03.swf, et_02_06_03.swf;
no extention "htm": ,???;
no extention "htm": ,???;
not found files: ,et_02_06_07.swf, ???.swf;
not found files: ,et_02_06_12.swf, et_02_06_11.swf;
not found files: ,et_02_07_01.swf, et_02_07_01.swf;
not found files: ,et_02_07_03.swf, et_02_07_04.swf;
not found files: ,et_02_07_04.swf, et_02_08_01and02.swf;
not found files: ,et_02_07_05.swf, et_02_08_01and02.swf;
not found files: ,et_02_07_06.swf, et_02_08_05.swf;
not found files: ,et_02_07_07.swf, et_02_08_06.swf;
not found files: ,et_02_08_01.swf, et_02_09_01.swf;
not found files: ,et_02_08_02.swf, et_02_09_03.swf;
not found files: ,et_02_08_05.swf, et_02_09_06.swf;
not found files: ,et_03_01_03.swf, et_03_01_03.swf;
not found files: ,et_03_01_06.swf, et_03_01_06.swf;
not found files: ,et_03_01_08.swf, et_03_01_07.swf;
no extention "htm": ,st_03_03_07_en;
no extention "htm": ,st_03_03_07_es;
not found files: ,et_03_02_04.swf, st_03_03_07.swf;
not found files: ,et_03_02_05.swf, et_03_02_06.swf;
not found files: ,et_03_03_01.swf, et_03_04_01.swf;
not found files: ,et_03_03_03.swf, et_03_04_03.swf;
not found files: ,et_03_03_06.swf, et_03_04_05.swf;
not found files: ,et_03_04_02.swf, et_03_05_02.swf;
not found files: ,et_03_04_04.swf, et_03_05_04.swf;
not found files: ,et_03_04_08.swf, et_03_05_08.swf;
no extention "htm": ,st_03_07_01_es;
not found files: ,et_03_05_01.swf, st_03_07_01.swf;
not found files: ,et_03_05_02.swf, et_03_06_02.swf;
not found files: ,et_03_05_05.swf, et_03_06_05.swf;
not found files: ,et_03_06_01.swf, et_03_08_01.swf;
not found files: ,et_03_06_06.swf, et_03_08_06.swf;
not found files: ,et_03_06_08.swf, et_03_08_08.swf;
not found files: ,et_03_07_01.swf, "et_03_03_01.swf;
not found files: ,et_03_07_03.swf, et_03_03_03.swf;
not found files: ,et_03_07_08.swf, et_03_03_08.swf;
not found files: ,et_03_08_01.swf, et_09_04_02.swf;
not found files: ,et_03_08_02.swf, et_09_04_03.swf;
not found files: ,et_03_09_01.swf, et_03_10_01.swf;
not found files: ,et_03_09_04.swf, et_03_10_04.swf;
not found files: ,et_03_09_05.swf, et_03_10_05.swf;
not found files: ,et_03_10_01.swf, et_03_11_02.swf;
not found files: ,et_03_10_04.swf, et_03_11_05.swf;
not found files: ,et_03_11_01.swf, et_03_09_01.swf;
not found files: ,et_03_11_04.swf, et_03_09_04.swf;
not found files: ,et_03_11_05.swf, et_03_09_05.swf;
not found files: ,et_04_01_04.swf, et_04_01_04.swf;
not found files: ,et_04_01_07.swf, et_04_01_07.swf;
not found files: ,et_04_01_08.swf, et_04_01_08.swf;
not found files: ,et_04_02_03.swf, et_04_02_03.swf;
not found files: ,et_04_02_04.swf, et_04_02_04.swf;
not found files: ,et_04_02_05.swf, et_04_02_05.swf;
not found files: ,et_04_03_01.swf, et_04_03_01and02.swf;
not found files: ,et_04_03_02.swf, et_04_03_01and02.swf;
not found files: ,et_04_03_05.swf, et_04_03_05.swf;
not found files: ,et_04_03_06.swf, et_04_03_06.swf;
not found files: ,et_04_04_01.swf, et_04_04_01.swf;
no extention "htm": ,?;
no extention "htm": ,?;
not found files: ,et_04_04_02.swf, ?.swf;
not found files: ,et_04_04_03.swf, et_04_04_03.swf;
no extention "htm": ,?;
no extention "htm": ,?;
not found files: ,et_04_04_05.swf, ?.swf;
not found files: ,et_04_04_06.swf, et_04_04_06.swf;
no extention "htm": ,?;
no extention "htm": ,?;
not found files: ,et_04_04_09.swf, ?.swf;
not found files: ,et_04_05_01.swf, et_04_05_01.swf;
not found files: ,et_04_05_03.swf, et_04_05_03.swf;
not found files: ,et_04_05_06.swf, et_04_05_06.swf;
not found files: ,et_04_06_02.swf, et_04_06_02.swf;
not found files: ,et_04_06_03.swf, et_04_06_03.swf;
not found files: ,et_04_06_05.swf, et_04_06_05.swf;
not found files: ,et_04_07_02.swf, et_04_07_02.swf;
not found files: ,et_04_07_03.swf, et_04_07_03.swf;
not found files: ,et_04_07_05.swf, et_04_07_05.swf;
not found files: ,et_04_07_06.swf, et_04_08_03.swf;
not found files: ,et_04_08_01.swf, et_04_09_01.swf;
not found files: ,et_04_08_02.swf, et_04_09_02.swf;
not found files: ,et_04_08_03.swf, et_04_09_03.swf;
not found files: ,et_04_09_04.swf, et_04_10_04.swf;
not found files: ,et_04_09_05.swf, et_04_10_05.swf;
not found files: ,et_04_09_06.swf, et_04_10_07.swf;
not found files: ,et_05_01_01.swf, et_05_01_01.swf;
not found files: ,et_05_01_02.swf, et_05_01_02.swf;
not found files: ,et_05_01_04.swf, et_05_01_04.swf;
not found files: ,et_05_02_04.swf, et_05_02_04.swf;
not found files: ,et_05_02_05.swf, et_05_02_05.swf;
not found files: ,et_05_02_07.swf, et_05_02_07.swf;
not found files: ,et_05_03_01.swf, et_05_03_01.swf;
not found files: ,et_05_03_02.swf, et_05_03_02.swf;
not found files: ,et_05_03_05.swf, et_05_03_05.swf;
not found files: ,et_05_04_02.swf, et_05_04_02.swf;
not found files: ,et_05_04_04.swf, et_05_04_04.swf;
not found files: ,et_05_04_06.swf, et_05_04_06.swf;
not found files: ,et_05_05_03.swf, et_05_05_03.swf;
not found files: ,et_05_05_06.swf, et_05_05_06.swf;
not found files: ,et_05_05_09.swf, et_05_05_09.swf;
no extention "htm": ,?;
no extention "htm": ,?;
not found files: ,et_05_05_10.swf, ?.swf;
not found files: ,et_06_01_02.swf, et_06_01_02.swf;
not found files: ,et_06_01_05.swf, et_06_01_05.swf;
not found files: ,et_06_01_06.swf, et_06_01_06.swf;
not found files: ,et_06_02_02.swf, et_06_02_02.swf;
not found files: ,et_06_02_03.swf, et_06_02_03.swf;
not found files: ,et_06_02_08.swf, et_06_02_08.swf;
not found files: ,et_06_03_02.swf, et_06_03_02.swf;
not found files: ,et_06_03_03.swf, et_06_03_03.swf;
not found files: ,et_06_03_04.swf, et_06_03_04.swf;
not found files: ,et_06_04_01.swf, et_06_04_01.swf;
not found files: ,et_06_04_03.swf, et_06_04_03.swf;
not found files: ,et_06_04_04.swf, et_06_04_04.swf;
not found files: ,et_06_05_01.swf, et_06_05_01.swf;
not found files: ,et_06_05_02.swf, et_06_05_02.swf;
not found files: ,et_06_05_03.swf, et_06_05_03.swf;
not found files: ,et_07_01_02.swf, et_07_01_02.swf;
not found files: ,et_07_01_03.swf, et_07_01_03.swf;
not found files: ,et_07_01_04.swf, et_07_01_04.swf;
not found files: ,et_07_02_02.swf, et_07_02_02.swf;
not found files: ,et_07_02_03.swf, et_07_02_03.swf;
not found files: ,et_07_02_05.swf, et_07_02_05.swf;
not found files: ,et_07_03_01.swf, et_07_03_01.swf;
not found files: ,et_07_03_02.swf, et_07_03_02.swf;
not found files: ,et_07_03_03.swf, et_07_03_03.swf;
not found files: ,et_07_04_01.swf, et_07_04_01.swf;
not found files: ,et_07_04_02.swf, et_07_04_02.swf;
not found files: ,et_07_04_05.swf, et_07_04_05.swf;
not found files: ,et_07_05_02.swf, et_07_05_02.swf;
not found files: ,et_07_05_04.swf, et_07_05_04.swf;
not found files: ,et_07_05_05.swf, et_07_05_05.swf;
not found files: ,et_07_06_02.swf, et_07_06_02.swf;
not found files: ,et_07_06_04.swf, et_07_06_04.swf;
not found files: ,et_07_07_02.swf, et_07_07_02.swf;
not found files: ,et_07_07_03.swf, et_07_07_03.swf;
not found files: ,et_07_07_05.swf, et_07_07_05.swf;
not found files: ,et_07_08_01.swf, et_07_08_01.swf;
not found files: ,et_07_08_06.swf, et_07_08_06.swf;
not found files: ,et_07_08_09.swf, et_07_08_09.swf;
not found files: ,et_08_01_02.swf, et_08_01_02.swf;
not found files: ,et_08_01_03.swf, et_08_01_03.swf;
not found files: ,et_08_01_04.swf, et_08_01_04.swf;
not found files: ,et_08_02_01.swf, et_08_02_01.swf;
not found files: ,et_08_02_02.swf, et_08_02_02.swf;
not found files: ,et_08_02_03.swf, et_08_02_03.swf;
not found files: ,et_08_03_01.swf, et_08_03_01.swf;
not found files: ,et_08_03_03.swf, et_08_03_03.swf;
not found files: ,et_08_03_07.swf, et_08_03_07.swf;
not found files: ,et_08_04_01.swf, et_08_04_01.swf;
not found files: ,et_08_04_02.swf, et_08_04_02.swf;
not found files: ,et_08_05_02.swf, et_08_05_02.swf;
not found files: ,et_08_05_04.swf, et_08_05_04.swf;
not found files: ,et_08_05_05.swf, et_08_05_05.swf;
not found files: ,et_09_01_01.swf, et_09_01_01.swf;
not found files: ,et_09_01_02.swf, et_09_01_02.swf;
not found files: ,et_09_02_01.swf, et_09_02_01.swf;
not found files: ,et_09_02_02.swf, et_09_02_02.swf;
not found files: ,et_09_02_04.swf, et_09_02_04.swf;
not found files: ,et_09_03_02.swf, et_09_03_02.swf;
not found files: ,et_09_03_04.swf, et_09_03_04.swf;
not found files: ,et_09_03_05.swf, et_09_03_05.swf;
not found files: ,et_09_04_01.swf, et_09_05_01.swf;
not found files: ,et_09_04_03.swf, et_09_05_04.swf;
not found files: ,et_09_05_01.swf, et_09_06_01.swf;
not found files: ,et_09_05_02.swf, et_09_06_02.swf;
not found files: ,et_09_05_04.swf, et_09_06_04.swf;
not found files: ,et_09_06_01.swf, et_09_07_01.swf;
not found files: ,et_10_01_02.swf, et_10_01_02.swf;
not found files: ,et_10_01_05.swf, et_10_01_04.swf;
not found files: ,et_10_01_08.swf, et_10_01_07.swf;
not found files: ,et_10_02_02.swf, et_10_02_02.swf;
not found files: ,et_10_02_03.swf, et_10_02_03.swf;
not found files: ,et_10_02_05.swf, et_10_02_05.swf;
not found files: ,et_10_03_04.swf, et_10_03_04.swf;
not found files: ,et_10_03_07.swf, et_10_03_07.swf;
not found files: ,et_10_03_11.swf, et_10_03_11.swf;
not found files: ,et_10_04_01.swf, et_10_04_01.swf;
not found files: ,et_10_04_02.swf, et_10_04_02.swf;
not found files: ,et_10_04_04.swf, et_10_04_04.swf;
not found files: ,et_10_05_02.swf, et_10_05_02.swf;
not found files: ,et_10_05_03.swf, et_10_05_03.swf;
not found files: ,et_10_05_07.swf, et_10_05_07.swf;
not found files: ,et_10_06_01.swf, et_10_06_01.swf;
not found files: ,et_10_06_02.swf, et_10_06_02.swf;
not found files: ,et_10_06_04.swf, et_10_06_04.swf;
not found files: ,et_11_01_02.swf, et_11_01_02.swf;
not found files: ,et_11_01_10.swf, et_11_01_08.swf;
not found files: ,et_11_01_11.swf, et_11_01_09.swf;
not found files: ,et_11_02_03.swf, et_11_02_02.swf;
not found files: ,et_11_02_05.swf, et_11_02_04.swf;
not found files: ,et_11_02_08.swf, et_11_02_07.swf;
not found files: ,et_11_03_02.swf, et_11_03_02.swf;
not found files: ,et_11_03_04.swf, et_11_03_04.swf;
not found files: ,et_11_03_05.swf, et_11_03_05.swf;
not found files: ,et_11_04_01.swf, et_11_04_01.swf;
not found files: ,et_11_04_02.swf, et_11_04_02.swf;
not found files: ,et_11_04_05.swf, et_11_04_05.swf;
not found files: ,et_11_05_01.swf, et_11_05_01.swf;
not found files: ,et_11_05_02.swf, et_11_05_02.swf;
not found files: ,et_11_05_04.swf, et_11_05_04.swf;
not found files: ,et_11_06_03.swf, et_11_06_03.swf;
not found files: ,et_11_06_05.swf, et_11_06_05.swf;
not found files: ,et_11_06_06.swf, et_11_06_06.swf;
not found files: ,et_11_07_01.swf, et_11_07_01_02.swf;
not found files: ,et_11_07_03.swf, et_11_07_03_04.swf;
not found files: ,et_11_07_05.swf, et_11_07_05_06.swf;
not found files: ,et_11_08_01.swf, et_11_08_01.swf;
not found files: ,et_11_08_02.swf, et_11_08_02.swf;
not found files: ,et_11_08_05.swf, et_11_08_05.swf;
not found files: ,et_11_09_01.swf, et_11_09_01.swf;
not found files: ,et_11_09_05.swf, et_11_09_05.swf;
not found files: ,et_11_09_07.swf, et_11_09_07.swf;
not found files: ,et_11_10_01.swf, et_11_10_01.swf;
not found files: ,et_11_10_02.swf, et_11_10_02.swf;
not found files: ,et_11_10_09.swf, et_11_11_02.swf;
not found files: ,et_11_10_11.swf, et_11_10_08.swf;
not found files: ,et_11_11_01.swf, et_11_12_01.swf;
not found files: ,et_11_11_02.swf, et_11_12_02.swf;
not found files: ,et_11_11_03.swf, et_11_12_03.swf;
not found files: ,et_12_01_01.swf, et_12_01_01.swf;
not found files: ,et_12_01_03.swf, et_12_01_02.swf;
not found files: ,et_12_01_05.swf, et_12_01_04.swf;
not found files: ,et_12_02_01.swf, et_12_02_01.swf;
not found files: ,et_12_02_03.swf, et_12_02_03.swf;
not found files: ,et_12_02_04.swf, et_12_02_04.swf;
not found files: ,et_12_03_01.swf, et_12_03_01.swf;
not found files: ,et_12_03_03.swf, et_12_03_03.swf;
not found files: ,et_12_03_06.swf, et_12_03_06.swf;
not found files: ,et_12_04_01.swf, et_12_04_01.swf;
not found files: ,et_12_04_02.swf, et_12_04_02.swf;
not found files: ,et_12_04_05.swf, et_12_04_05.swf;
not found files: ,et_12_05_03.swf, et_12_05_03.swf;
not found files: ,et_12_05_04.swf, et_12_05_04.swf;
not found files: ,et_12_05_07.swf, et_12_05_07.swf;
not found files: ,et_12_06_01.swf, et_12_06_01.swf;
not found files: ,et_12_06_05.swf, et_12_06_05.swf;
not found files: ,et_12_06_07.swf, et_12_06_07.swf;
not found files: ,et_13_01_03.swf, et_13_01_03.swf;
not found files: ,et_13_01_04.swf, et_13_01_04.swf;
not found files: ,et_13_01_06.swf, et_13_01_06.swf;
not found files: ,et_13_02_01.swf, et_13_02_01.swf;
not found files: ,et_13_02_03.swf, et_13_02_03.swf;
not found files: ,et_13_02_04.swf, et_13_02_05.swf;
not found files: ,et_13_03_01.swf, et_13_03_01.swf;
not found files: ,et_13_03_03.swf, et_13_03_03.swf;
not found files: ,et_13_03_07.swf, et_13_03_07.swf;
not found files: ,et_13_04_03.swf, et_13_04_03.swf;
not found files: ,et_13_04_05.swf, et_13_04_05.swf;
not found files: ,et_13_04_06.swf, et_13_04_06.swf;
not found files: ,et_14_01_06.swf, et_14_01_06.swf;
not found files: ,et_14_01_08.swf, et_14_01_08.swf;
not found files: ,et_14_01_11.swf, et_14_01_11.swf;
not found files: ,et_14_02_01.swf, et_14_02_01.swf;
not found files: ,et_14_02_03.swf, et_14_02_03.swf;
not found files: ,et_14_02_05.swf, et_14_02_05.swf;
not found files: ,et_14_03_03.swf, et_14_03_03.swf;
not found files: ,et_14_03_04.swf, et_14_03_04.swf;
not found files: ,et_14_03_07.swf, et_14_03_07.swf;
not found files: ,et_14_04_01.swf, et_14_04_01.swf;
not found files: ,et_14_04_02.swf, et_14_04_02.swf;
not found files: ,et_14_04_04.swf, et_14_04_04.swf;
not found files: ,et_14_05_02.swf, et_14_05_02.swf;
not found files: ,et_14_05_04.swf, et_14_05_04.swf;
not found files: ,et_14_05_05.swf, et_14_05_05.swf;
not found files: ,et_14_06_04.swf, et_14_06_04.swf;
not found files: ,et_14_06_05.swf, et_14_06_05.swf;
not found files: ,et_14_06_08.swf, et_14_06_08.swf;
not found files: ,et_14_07_03.swf, et_14_07_03.swf;
not found files: ,et_14_07_05.swf, et_14_07_05.swf;
not found files: ,et_14_07_06.swf, et_14_07_06.swf;
not found files: ,et_14_08_01.swf, et_14_08_01.swf;
not found files: ,et_14_08_02.swf, et_14_08_02.swf;
not found files: ,et_14_08_05.swf, et_14_08_05.swf;
not found files: ,et_15_01_01.swf, et_15_01_01.swf;
not found files: ,et_15_01_02.swf, et_15_01_02.swf;
not found files: ,et_15_01_03.swf, et_15_01_03.swf;
not found files: ,et_15_02_02.swf, et_15_02_02.swf;
not found files: ,et_15_02_03.swf, et_15_02_03.swf;
not found files: ,et_15_02_04.swf, et_15_02_04.swf;
not found files: ,et_15_03_01.swf, et_15_03_01.swf;
not found files: ,et_15_03_03.swf, et_15_03_03.swf;
not found files: ,et_15_03_05.swf, et_15_03_05.swf;
not found files: ,et_15_04_02.swf, et_15_04_02.swf;
not found files: ,et_15_04_03.swf, et_15_04_03.swf;
not found files: ,et_15_04_04.swf, et_15_04_04.swf;
not found files: ,et_15_05_02.swf, et_15_05_02.swf;
not found files: ,et_15_05_03.swf, et_15_05_03.swf;
not found files: ,et_15_05_04_05.swf, et_15_05_04_05.swf;
not found files: ,et_15_05_04_05.swf, et_15_05_04_05.swf;
not found files: ,et_15_07_01.swf, et_15_07_01.swf;
not found files: ,et_15_07_03.swf, et_15_07_03.swf;
not found files: ,et_15_07_06.swf, et_15_07_05.swf;
no extention "htm": ,?;
no extention "htm": ,?;
not found files: ,et_15_07_02.swf, ?.swf;
not found files: ,et_15_08_03.swf, et_15_08_01.swf;
not found files: ,et_15_08_01.swf, et_15_08_01.swf;
no extention "htm": ,?;
no extention "htm": ,?;
not found files: ,et_15_08_02.swf, ?.swf;
not found files: ,et_15_08_03.swf, et_15_08_03.swf;
not found files: ,et_15_08_04.swf, et_15_08_04.swf;
not found files: ,et_15_10_01.swf, et_15_09_01.swf;
not found files: ,et_15_10_02.swf, et_15_09_02.swf;
not found files: ,et_15_10_04.swf, et_15_09_04.swf;
not found files: ,et_16_01_01.swf, et_16_01_01.swf;
not found files: ,et_16_01_02.swf, et_16_01_02.swf;
not found files: ,et_16_01_06.swf, et_16_01_06.swf;
not found files: ,et_16_02_03.swf, et_16_02_03.swf;
not found files: ,et_16_02_04.swf, et_16_02_04.swf;
not found files: ,et_16_02_05.swf, et_16_02_05.swf;
not found files: ,et_16_03_02.swf, et_16_03_02.swf;
not found files: ,et_16_03_03.swf, et_16_03_03.swf;
not found files: ,et_16_03_05.swf, et_16_03_05.swf;
not found files: ,et_16_04_02.swf, et_16_04_02.swf;
not found files: ,et_16_04_04.swf, et_16_04_04.swf;
not found files: ,et_16_04_05.swf, et_16_04_05.swf;
not found files: ,et_16_05_02.swf, et_16_05_02.swf;
not found files: ,et_16_05_03.swf, et_16_05_03.swf;
not found files: ,et_16_05_05.swf, et_16_05_05.swf;
not found files: ,et_16_06_04.swf, et_16_06_04.swf;
not found files: ,et_16_06_06.swf, et_16_06_06.swf;
not found files: ,et_16_06_09.swf, et_16_06_09.swf;
no extention "htm": ,?;
no extention "htm": ,?;
not found files: ,et_16_06_11.swf, ?.swf;
not found files: ,et_16_07_03.swf, et_16_07_03.swf;
not found files: ,et_16_07_05.swf, et_16_07_04.swf;
not found files: ,et_16_07_06.swf, et_16_07_06.swf;
not found files: ,et_16_08_01.swf, et_16_08_01.swf;
not found files: ,et_16_08_02.swf, et_16_08_02.swf;
not found files: ,et_16_09_01.swf, et_16_09_01.swf;
not found files: ,et_16_09_02.swf, et_16_09_02.swf;
not found files: ,et_17_01_03.swf, et_17_01_03.swf;
not found files: ,et_17_01_04.swf, et_17_01_04.swf;
not found files: ,et_17_01_07.swf, et_17_01_07.swf;
not found files: ,et_17_02_01.swf, et_17_02_01.swf;
not found files: ,et_17_02_03.swf, et_17_02_03.swf;
not found files: ,et_17_02_04.swf, et_17_02_04.swf;
not found files: ,et_17_03_01_02.swf, et_17_03_01_02.swf;
not found files: ,et_17_03_01_02.swf, et_17_03_01_02.swf;
not found files: ,et_17_03_03.swf, et_17_03_03.swf;
not found files: ,et_17_04_01.swf, et_17_04_01.swf;
not found files: ,et_17_04_02.swf, et_17_04_02.swf;
no extention "htm": ,English CC File name;
no extention "htm": ,Spanish CC File Name;
not found files: ,IVE URL.swf, English CC File name.swf;
no extention "htm": ,??? ;
no extention "htm": ,???;
not found files: ,et_01_05_02.swf, ??? .swf;
no extention "htm": ,???;
no extention "htm": ,???;
not found files: ,et_01_05_03.swf, ???.swf;
no extention "htm": ,???;
no extention "htm": ,???;
not found files: ,et_02_06_07.swf, ???.swf;
not found files: ,et_03_01_03.swf, et_03_01_03.swf;
not found files: ,et_03_01_08.swf, et_03_01_07.swf;
no extention "htm": ,st_03_03_07_en;
no extention "htm": ,st_03_03_07_es;
not found files: ,et_03_02_05.swf, et_03_02_06.swf;
no extention "htm": ,st_03_07_01_es;
not found files: ,et_03_07_01.swf, "et_03_03_01.swf;
not found files: ,et_04_03_05.swf, et_04_03_05.swf;
no extention "htm": ,?;
no extention "htm": ,?;
not found files: ,et_04_04_02.swf, ?.swf;
no extention "htm": ,?;
no extention "htm": ,?;
not found files: ,et_04_04_05.swf, ?.swf;
no extention "htm": ,?;
no extention "htm": ,?;
not found files: ,et_04_04_09.swf, ?.swf;
not found files: ,et_04_05_03.swf, et_04_05_03.swf;
not found files: ,et_05_04_04.swf, et_05_04_04.swf;
no extention "htm": ,?;
no extention "htm": ,?;
not found files: ,et_05_05_10.swf, ?.swf;
no extention "htm": ,?;
no extention "htm": ,?;
not found files: ,et_15_07_02.swf, ?.swf;
no extention "htm": ,?;
no extention "htm": ,?;
not found files: ,et_15_08_02.swf, ?.swf;
no extention "htm": ,?;
no extention "htm": ,?;
not found files: ,et_16_06_11.swf, ?.swf;
no extention "htm": ,English CC File name;
no extention "htm": ,Spanish CC File Name;
not found files: ,IVE URL.swf, English CC File name.swf;
no extention "htm": ,??? ;
no extention "htm": ,???;
not found files: ,et_01_05_02.swf, ??? .swf;
no extention "htm": ,???;
no extention "htm": ,???;
not found files: ,et_01_05_03.swf, ???.swf;
no extention "htm": ,???;
no extention "htm": ,???;
not found files: ,et_02_06_07.swf, ???.swf;
not found files: ,et_03_01_03.swf, et_03_01_03.swf;
not found files: ,et_03_01_08.swf, et_03_01_07.swf;
no extention "htm": ,st_03_03_07_en;
no extention "htm": ,st_03_03_07_es;
not found files: ,et_03_02_05.swf, et_03_02_06.swf;
no extention "htm": ,st_03_07_01_es;
not found files: ,et_03_07_01.swf, "et_03_03_01.swf;
not found files: ,et_04_03_05.swf, et_04_03_05.swf;
no extention "htm": ,?;
no extention "htm": ,?;
not found files: ,et_04_04_02.swf, ?.swf;
no extention "htm": ,?;
no extention "htm": ,?;
not found files: ,et_04_04_05.swf, ?.swf;
no extention "htm": ,?;
no extention "htm": ,?;
not found files: ,et_04_04_09.swf, ?.swf;
not found files: ,et_04_05_03.swf, et_04_05_03.swf;
not found files: ,et_05_04_04.swf, et_05_04_04.swf;
no extention "htm": ,?;
no extention "htm": ,?;
not found files: ,et_05_05_10.swf, ?.swf;
no extention "htm": ,?;
no extention "htm": ,?;
not found files: ,et_15_07_02.swf, ?.swf;
no extention "htm": ,?;
no extention "htm": ,?;
not found files: ,et_15_08_02.swf, ?.swf;
no extention "htm": ,?;
no extention "htm": ,?;
not found files: ,et_16_06_11.swf, ?.swf;
